{
    "DZA": 10530.298828125,
    "AGO": 5593.14208984375,
    "EGY": 11581.080078125,
    "BGD": 5108.16064453125,
    "QAT": 83720.6953125,
    "NAM": 8710.51171875,
    "BGR": 22020.494140625,
    "BOL": 7756.17724609375,
    "GHA": 5601.42822265625,
    "PAK": 4467.236328125,
    "CPV": 5897.6767578125,
    "JOR": 9788.7216796875,
    "LBR": 1424.4686279296875,
    "LBY": 13686.0224609375,
    "MYS": 25940.443359375,
    "PRI": 23025.189453125,
    "SXM": 34410.33203125,
    "TZA": 2615.73681640625,
    "BWA": 14696.02734375,
    "KHM": 4032.75146484375,
    "PRY": 12015.5439453125,
    "HKG": 62449.73828125,
    "SAU": 45232.2109375,
    "LBN": 11201.4208984375,
    "SVN": 36768.796875,
    "BFA": 2055.31884765625,
    "SVK": 29516.5,
    "MRT": 5038.81591796875,
    "HRV": 27182.02734375,
    "CHL": 22285.859375,
    "CHN": 16201.3525390625,
    "KNA": 25739.4296875,
    "JAM": 8474.8154296875,
    "DJI": 4981.6591796875,
    "GIN": 2437.027099609375,
    "FIN": 47958.2265625,
    "URY": 20441.9296875,
    "THA": 16642.451171875,
    "SYC": 25224.470703125,
    "NPL": 3844.116943359375,
    "LAO": 6874.76318359375,
    "NER": 1278.9710693359375,
    "PHL": 8558.5947265625,
    "ZAF": 12449.6708984375,
    "KIR": 4251.548828125,
    "ROU": 28400.62109375,
    "MAC": 112282.5234375,
    "NIC": 5137.13818359375,
    "MLT": 36333.50390625,
    "KAZ": 23325.00390625,
    "TCA": 26624.74609375,
    "SUR": 16278.1591796875,
    "DMA": 11060.978515625,
    "BEN": 3288.470703125,
    "NGA": 4739.6748046875,
    "BEL": 49287.73046875,
    "TGO": 2112.52685546875,
    "DEU": 52862.7890625,
    "LKA": 12208.4677734375,
    "GBR": 42037.33984375,
    "GUY": 11976.3857421875,
    "CRI": 18753.91015625,
    "CMR": 3586.252685546875,
    "MAR": 6881.63134765625,
    "LSO": 2959.46875,
    "HUN": 30255.173828125,
    "TKM": 13615.49609375,
    "TTO": 26543.375,
    "NLD": 53376.69140625,
    "BMU": 78674.6328125,
    "TCD": 1420.67041015625,
    "GEO": 13298.322265625,
    "MNE": 18546.119140625,
    "MNG": 10626.7900390625,
    "MHL": 4727.40234375,
    "BLZ": 5897.150390625,
    "MMR": 4723.19580078125,
    "AFG": 2085.487548828125,
    "BDI": 735.7371215820312,
    "BLR": 18307.705078125,
    "GRD": 14465.197265625,
    "GRC": 26957.9140625,
    "ZWE": 3864.012451171875,
    "MOZ": 1257.939453125,
    "TJK": 3728.0673828125,
    "HTI": 2939.863037109375,
    "MEX": 17234.78125,
    "LCA": 14130.1396484375,
    "IND": 6107.494140625,
    "LVA": 30093.974609375,
    "BTN": 9898.25,
    "VCT": 12188.759765625,
    "VNM": 7741.88232421875,
    "NOR": 66215.53125,
    "CZE": 37151.1328125,
    "ATG": 18775.951171875,
    "FJI": 12367.9384765625,
    "HND": 4792.02392578125,
    "MUS": 21194.677734375,
    "DOM": 16164.8994140625,
    "LUX": 79101.6875,
    "ISR": 38652.46875,
    "FSM": 3964.990234375,
    "PER": 10916.7060546875,
    "IDN": 11141.568359375,
    "VUT": 3174.307373046875,
    "MKD": 15310.791015625,
    "COD": 1050.7786865234375,
    "COG": 2966.269775390625,
    "ISL": 53923.22265625,
    "ETH": 2279.63720703125,
    "COM": 3062.31201171875,
    "COL": 13184.958984375,
    "TLS": 4785.84912109375,
    "PRT": 31454.474609375,
    "MDA": 12822.3642578125,
    "STP": 3941.369140625,
    "MDG": 1419.6796875,
    "ECU": 10031.6689453125,
    "SEN": 3239.619873046875,
    "MDV": 11773.265625,
    "CUW": 26370.75390625,
    "FRA": 42989.4921875,
    "LTU": 36037.2109375,
    "RWA": 2051.532470703125,
    "ZMB": 3330.552734375,
    "GMB": 2118.78271484375,
    "GTM": 8241.4443359375,
    "DNK": 57716.3359375,
    "UKR": 12718.4609375,
    "AUS": 47085.2265625,
    "AUT": 51798.78515625,
    "PLW": 18910.23828125,
    "KEN": 4266.96728515625,
    "TUR": 27553.33984375,
    "ALB": 13485.3115234375,
    "OMN": 27277.064453125,
    "TUV": 5573.2841796875,
    "ITA": 39559.76171875,
    "BRN": 63963.4765625,
    "TUN": 11027.2666015625,
    "RUS": 25837.998046875,
    "KOR": 42652.28125,
    "BRB": 15079.369140625,
    "BRA": 13790.7119140625,
    "CIV": 5026.38720703125,
    "SRB": 17688.69921875,
    "GNQ": 12925.87109375,
    "USA": 60726.52734375,
    "WSM": 6287.6728515625,
    "AZE": 13587.53125,
    "GNB": 1879.7242431640625,
    "SWZ": 7524.0048828125,
    "TON": 6861.64306640625,
    "CAN": 45556.55078125,
    "PSE": 6279.65478515625,
    "CAF": 974.4816284179688,
    "CHE": 66372.1171875,
    "CYP": 36519.296875,
    "BIH": 14381.63671875,
    "SGP": 88088.265625,
    "SOM": 1072.750732421875,
    "UZB": 6974.35791015625,
    "POL": 31207.017578125,
    "KWT": 57254.53125,
    "GAB": 13414.5732421875,
    "CYM": 46721.74609375,
    "ARE": 68590.8984375,
    "EST": 35607.5703125,
    "MWI": 1439.504150390625,
    "ESP": 36424.06640625,
    "IRQ": 10869.4951171875,
    "SLV": 7558.53173828125,
    "MLI": 2131.591552734375,
    "IRL": 69537.578125,
    "IRN": 12624.412109375,
    "ABW": 36750.3984375,
    "SLE": 1604.380126953125,
    "PAN": 29342.25390625,
    "SDN": 3649.896240234375,
    "SLB": 2540.652587890625,
    "NZL": 41806.07421875,
    "JPN": 43636.97265625,
    "KGZ": 4502.49267578125,
    "UGA": 2138.005859375,
    "PNG": 4201.13525390625,
    "ARG": 19178.33203125,
    "SWE": 52506.58984375,
    "BHS": 29190.837890625,
    "BHR": 42664.29296875,
    "ARM": 12454.1455078125,
    "NRU": 18174.498046875
}